threshold,IoU,Precision,Recall,F1,Accuracy,tp,tn,fp,fn
0.0,0.030876789617975898,0.030876789617975898,0.9999999999999774,0.05990393736558676,0.030876789617975898,441132,0,13845716,0
0.01,0.06397411676085912,0.06397423737466018,0.9999705303627712,0.12025502341039801,0.5482450712711435,441119,7391575,6454141,13
0.02,0.08128407023751266,0.08146624477577938,0.9732257011506539,0.15034729855766335,0.6603579039967384,429321,9005112,4840604,11811
0.03,0.09490289538269693,0.09533758419984109,0.9541588458783096,0.17335399308676583,0.7190244482197888,420910,9851683,3994033,20222
0.04,0.10372367090386846,0.10435216374251416,0.9451207348367168,0.1879522432106318,0.7478357717531532,416923,10267293,3578423,24209
0.05,0.11060126185690572,0.11138351780756559,0.9402922481252564,0.19917366313867713,0.7665298181936276,414793,10536502,3309214,26339
0.06,0.11594827162866889,0.11686443165921752,0.9366697496440762,0.2078022314759863,0.7794880998243974,413195,10723233,3122483,27937
0.07,0.12047142148396695,0.12151287039203461,0.9335822384229452,0.2150370246527242,0.7895491713777589,411833,10868336,2977380,29299
0.08,0.12450769838591437,0.12566996385951784,0.9308551635337964,0.2214439214354239,0.7978981088060846,410630,10988819,2856897,30502
0.09,0.1282065973771422,0.129490210092072,0.9282300989272841,0.22727503360305445,0.805109356521466,409472,11093003,2752713,31660
0.1,0.131628883740693,0.13303738479153768,0.9255551626270385,0.23263613078193895,0.8114664620215735,408292,11185006,2660710,32840
0.11,0.1353021624217524,0.1368495394593311,0.9228756925364534,0.23835444980808956,0.8178895022890978,407110,11277953,2567763,34022
0.12,0.13863391311628592,0.14033533993929972,0.91957962695971,0.2435091915168614,0.823583270431658,405656,11360753,2484963,35476
0.13,0.1417160099326833,0.14357022116791382,0.9164785143675608,0.2482508914001417,0.8286174809167139,404288,11434044,2411672,36844
0.14,0.14468991761052524,0.14669591065781093,0.9136516960909452,0.25280194054299876,0.8332376042637251,403041,11501298,2344418,38091
0.15,0.14748528842900113,0.1496422761018535,0.9109676922100207,0.2570582621418169,0.8374120729778879,401857,11562122,2283594,39275
0.16,0.15017800715176136,0.15248350399088653,0.9085307799025936,0.2611387190548606,0.8412574278105284,400782,11618135,2227581,40350
0.17,0.1526798055633741,0.15513165298717368,0.9061936109826332,0.26491277697048604,0.8447187231221325,399751,11668617,2177099,41381
0.18,0.15517792243322037,0.157780258296669,0.9039244489177637,0.2686649700589277,0.8480503887211506,398750,11717217,2128499,42382
0.19,0.1578229403082191,0.16058663510040286,0.9016756889094216,0.2726201620784616,0.8514352500985516,397758,11766568,2079148,43374
0.2,0.16035788414238503,0.16328898540321374,0.8993294524087824,0.2763938347380158,0.8546031986901514,396723,11812863,2032853,44409
0.21,0.1627957014019558,0.16589535447730622,0.8970444220777251,0.28000739884764847,0.8575591341071167,395715,11856102,1989614,45417
0.22,0.16513583387019787,0.16840384431611785,0.8948432668679467,0.2834619406881392,0.8603137654995694,394744,11896428,1949288,46388
0.23,0.1676061077782654,0.17103865301633772,0.8930660210549021,0.2870935756273102,0.8630522981696167,393960,11936337,1909379,47172
0.24,0.1700696603667803,0.17367318352466837,0.8912638393949908,0.29070005749311634,0.8657070474887107,393165,11975060,1870656,47967
0.25,0.1725066461154014,0.1762841463770745,0.8895069956384735,0.29425273633774157,0.868253165428791,392390,12012211,1833505,48742
0.26,0.17494939856774752,0.17890500018729266,0.8878000235756897,0.29779903226626947,0.8707247392846899,391637,12048275,1797441,49495
0.27,0.177417649223976,0.18155568869506172,0.8861587914728271,0.3013673995446753,0.8731395476454983,390913,12083499,1762217,50219
0.28,0.1799031491513207,0.1842373581742397,0.8843566098129158,0.30494561794698216,0.8755239084226271,390118,12118359,1727357,51014
0.29,0.1825111615723136,0.1870530384377926,0.8825816308950408,0.3086840374907658,0.877938296816764,389335,12153636,1692080,51797
0.3,0.18522650076870734,0.18998937943012628,0.8807907837109781,0.3125588213202219,0.880370393805547,388545,12189173,1656543,52587
0.31,0.18782310826212528,0.19280719628431214,0.8790203385834426,0.316247604888847,0.8826366039591093,387764,12222331,1623385,53368
0.32,0.19039102395995247,0.1956049210972472,0.877190954181495,0.3198798014317669,0.8848258202229066,386957,12254415,1591301,54175
0.33,0.19292016741652307,0.19836671627063013,0.875409174578111,0.323441871282422,0.8869209639523001,386171,12285134,1560582,54961
0.34,0.19546130454275176,0.20114653976511696,0.8736659321926119,0.3270056537696976,0.8889640318144346,385402,12315092,1530624,55730
0.35000000000000003,0.19797546094369955,0.20390443227173366,0.871936291178131,0.3305167185103299,0.8909330455535043,384639,12343986,1501730,56493
0.36,0.20048088548104895,0.20665984764878356,0.8702179846394986,0.3340009591889941,0.8928441038919146,383881,12372047,1473669,57251
0.37,0.20281935769766818,0.20925007865620132,0.8684135360844176,0.3372399263740783,0.8946083838786548,383085,12398049,1447667,58047
0.38,0.20517687337669197,0.21186064539580343,0.8667314998685004,0.34049254679034163,0.8963286373593385,382343,12423368,1422348,58789
0.39,0.20744905542619468,0.2143898562295371,0.865006392644359,0.34361541395395967,0.8979607678334641,381582,12447447,1398269,59550
0.4,0.20970664199529587,0.21691356154067745,0.8632336806216537,0.3467066026982217,0.8995530714682477,380800,12470978,1374738,60332
0.41000000000000003,0.21198666970135013,0.21946999252086954,0.8614405665424213,0.34981683056365553,0.9011259166472543,380009,12494240,1351476,61123
0.42,0.21424322420389888,0.2220047837759035,0.8597086586327707,0.3528835375857618,0.9026436062034111,379245,12516687,1329029,61887
0.43,0.2164554312051906,0.22450788452639314,0.8578520714887866,0.3558789309541602,0.9041174092424019,378426,12538562,1307154,62706
0.44,0.2187576394802534,0.22711285817730287,0.8560385553530269,0.3589846420226789,0.9056052111704409,377626,12560618,1285098,63506
0.45,0.22111632465615416,0.22979807529267537,0.8540731572408972,0.3621543961888396,0.907107851920871,376759,12582953,1262763,64373
0.46,0.22355604824848718,0.23257875885315754,0.8521281611852948,0.3654201971499779,0.9086179820769418,375901,12605386,1240330,65231
0.47000000000000003,0.22620654548437197,0.23559660183074838,0.8501990333958803,0.3689534103925212,0.9102007664671725,375050,12628850,1216866,66082
0.48,0.2288548633218032,0.23862493551116773,0.8482449697595992,0.3724684957465783,0.9117470137569876,374188,12651803,1193913,66944
0.49,0.2314310777175398,0.24158739793861245,0.8462727709619604,0.37587337168572904,0.9132231966071167,373318,12673763,1171953,67814
0.5,0.23405155265722985,0.24461813435664104,0.8441962949865155,0.379322160413243,0.914697139634998,372402,12695737,1149979,68730
0.51,0.23652141249574082,0.24749278179640172,0.8421583562289554,0.38255934419726584,0.9160632212227632,371503,12716153,1129563,69629
0.52,0.2389934307911092,0.25039430417982533,0.8399730692853649,0.3857864338257982,0.917415233927035,370539,12736433,1109283,70593
0.53,0.24144421360720053,0.2532861077776169,0.8377741809707562,0.38897311493798886,0.9187300795808838,369569,12756188,1089528,71563
0.54,0.24403976382201867,0.25636008508400404,0.8354710154783412,0.3923343428141247,0.9200898616685774,368553,12776631,1069085,72579
0.55,0.24663914583868674,0.25946120733781286,0.8330794410743081,0.39568650544063316,0.9214294853560415,367498,12796825,1048891,73634
0.56,0.2491755941876398,0.26251717748949815,0.8305926570731474,0.39894406049482667,0.9227224927429754,366401,12816395,1029321,74731
0.5700000000000001,0.2518240325595999,0.2657135126170693,0.8281058730719869,0.4023313560172668,0.9240330687356645,365304,12836216,1009500,75828
0.58,0.25459586000373097,0.2690613436519543,0.8256485587080323,0.40586114747306745,0.9253606533785472,364220,12856267,989449,76912
0.59,0.25739045623565354,0.2724545731473972,0.8231731091827202,0.40940417928249684,0.9266683595989816,363128,12876042,969674,78004
0.6,0.2602301785684741,0.275930989429486,0.8205752473182444,0.41298832645129574,0.9279739659860587,361982,12895841,949875,79150
0.61,0.26327034528537735,0.2796326584689123,0.8181587370673445,0.4168076039617953,0.9293070801901155,360916,12915953,929763,80216
0.62,0.26623833988351525,0.2832730868053784,0.815746760606784,0.42051852179029514,0.9305820290101772,359852,12935232,910484,81280
0.63,0.2691197875245692,0.28686120821127276,0.8131330304761202,0.4241046238872883,0.9318141412297514,358699,12953988,891728,82433
0.64,0.27183629452626534,0.29031524452100677,0.8102722087719592,0.42747056869861955,0.9329830484652731,357437,12971950,873766,83695
0.65,0.27456577442162144,0.2938057462626832,0.8074249884388163,0.43083813709488744,0.9341302574227703,356181,12989596,856120,84951
0.66,0.27707911257456563,0.2971209669584535,0.8042173317736913,0.43392630469092547,0.9352123015517483,354766,13006470,839246,86366
0.67,0.2795933389264379,0.300493457288849,0.800792053172275,0.4370034258262406,0.9362907059695736,353255,13023388,822328,87877
0.68,0.2821415652528192,0.3039247365710843,0.7974279807404405,0.44010984486788773,0.937353711609446,351771,13040059,805657,89361
0.6900000000000001,0.28479088349112486,0.30752311074895416,0.7939278945984242,0.4433264347761743,0.938436945643993,350227,13057079,788637,90905
0.7000000000000001,0.2875203282874074,0.31126050120077214,0.7903439333351289,0.4466264638475044,0.939528299034188,348646,13074252,771464,92486
0.71,0.29031939642516014,0.31511990048395744,0.7867282355394578,0.4499961708622688,0.9406195124354925,347051,13091437,754279,94081
0.72,0.2931923350206812,0.31913448602137523,0.7829289192350412,0.4534396383591247,0.9417222049258165,345375,13108867,736849,95757
0.73,0.29601309441764045,0.3231622902716093,0.7789323830508605,0.4568057113107142,0.9428013792825395,343612,13126048,719668,97520
0.74,0.2992634251300649,0.3277976337786034,0.7746683532366554,0.46066627694936213,0.9439921247849764,341731,13144941,700775,99401
0.75,0.3029646948087285,0.3330142612485124,0.7705108674954261,0.4650389888081726,0.9452639238550022,339897,13164945,680771,101235
0.76,0.3067698554219465,0.33850284523522944,0.7659385399381418,0.469508615264604,0.9465570012363813,337880,13185436,660280,103252
0.77,0.3108841194723989,0.34446603057114894,0.7612732696788997,0.4743121257521537,0.9478965549294002,335822,13206632,639084,105310
0.78,0.31496482978484086,0.35053793943978284,0.7563155699427664,0.4790467696246857,0.9492090907665561,333635,13227571,618145,107497
0.79,0.31890580317166567,0.3566555106154742,0.7508092815755658,0.4835914733640051,0.950488449236668,331206,13248278,597438,109926
0.8,0.32280520972014054,0.3630874041960167,0.7442216842124184,0.4880615897683231,0.9517932856848474,328300,13269826,575890,112832
0.81,0.32716146178867345,0.370201188385484,0.7378109046725075,0.49302435047360804,0.9531482381558193,325472,13292012,553704,115660
0.8200000000000001,0.33126590134691003,0.3773044333130427,0.7308107323884748,0.497670522503874,0.9544473350594891,322384,13313660,532056,118748
0.8300000000000001,0.33538129759519736,0.3847127553640572,0.7234115865545749,0.5023004218684118,0.9557359327963727,319120,13335334,510382,122012
0.84,0.33998912885535093,0.392970932004648,0.7160487110433903,0.5074505732447275,0.9570798961394418,315872,13357783,487933,125260
0.85,0.3447187913542088,0.40165420509110206,0.7086110279916055,0.5127001875272699,0.9584086706878936,312591,13380048,465668,128541
0.86,0.3497688037190487,0.4111620780871946,0.7008197092933476,0.5182647570604173,0.9597723024700754,309154,13402967,442749,131978
0.87,0.355916752445419,0.4228681043198789,0.6921170987368703,0.5249831873695685,0.9613272290711002,305315,13429021,416695,135817
0.88,0.3623781695172931,0.43570206383436627,0.6828727002348348,0.5319788211316436,0.9629000742501069,301237,13455570,390146,139895
0.89,0.369242557680151,0.45001394733968975,0.6729051621736651,0.5393384135203939,0.9645074966850624,296840,13482932,362784,144292
0.9,0.37617926656645045,0.46586478745517024,0.6614800105183786,0.5467009602145054,0.9661301079146353,291800,13511154,334562,149332
0.91,0.382182418604149,0.48201914004582014,0.6485315053090538,0.5530129888493434,0.9676292489428032,286088,13538284,307432,155044
0.92,0.3889955374531156,0.5017026147425894,0.6339100314644905,0.5601105598092211,0.9692560598390906,279638,13567976,277740,161494
0.93,0.39467058878189293,0.5233088004558664,0.616203313293966,0.5659696110220401,0.97081812587353,271827,13598104,247612,169305
0.9400000000000001,0.39987539603546046,0.5481134335197395,0.5965379976968209,0.571301408217481,0.9723568837577043,263152,13628763,216953,177980
0.9500000000000001,0.40264235942723775,0.5760840290869785,0.572168874622549,0.5741197721778275,0.9737897400462293,252402,13659984,185732,188730
0.96,0.39954520641532904,0.6045739710338663,0.5408947888613717,0.5709643405526488,0.9749008318699821,238606,13689654,156062,202526
0.97,0.38892170953434163,0.6365470483139429,0.4999410607255765,0.5600340227133361,0.9757458748073746,220540,13719793,125923,220592
0.98,0.36987366338710315,0.6805492842690624,0.447582582991022,0.5400113455629514,0.976456038448788,197443,13753036,92680,243689
0.99,0.3127318939787181,0.7298481977872556,0.3536719167958717,0.47645965261742174,0.9760013545325037,156016,13787967,57749,285116
1.0,0.0,0.0,0.0,0.0,0.9691232103820234,0,13845716,0,441132
